Title,Year,Release Day,Season,Studio,Story,Genre,Value
The Hills Have Eyes 2,2007,Friday,Winter,Independent,Monster Force,Horror,15
American Gangster,2007,Friday,Winter,Universal,Pursuit,Thriller,100
Hitman,2007,Wednesday,Winter,Fox,Quest,Action,17.5
Saw IV,2007,Wednesday,Winter,Independent,Escape,Horror,10
Into the Wild,2007,Friday,Winter,Paramount,Quest,Drama,15
Smokin' Aces,2007,Friday,Winter,Universal,Pursuit,Action,17
National Treasure: Book of Secrets,2007,Wednesday,Winter,Disney,The Riddle,Thriller,130
Stomp the Yard,2007,Friday,Winter,Independent,Maturation,Musical,14
Surf's Up,2007,Friday,Winter,Sony,Discovery,Animation,85
License to Wed,2007,Friday,Winter,Warner Bros.,Love,Comedy,35
Blades of Glory,2007,Friday,Winter,Paramount,Rivalry,Comedy,61
Disturbia,2007,Friday,Winter,Paramount,Pursuit,Thriller,20
Alien vs. Predator -- Requiem,2007,Friday,Winter,Fox,Monster Force,Horror,40
30 Days of Night,2007,Friday,Winter,Independent,Monster Force,Horror,32
Juno,2007,Friday,Winter,Fox,Maturation,Comedy,7.5
Waitress,2007,Friday,Winter,Independent,Love,Romance,2
3:10 to Yuma,2007,Friday,Spring,Lionsgate,Sacrifice,Western,48
The Bourne Ultimatum,2007,Friday,Spring,Universal,Pursuit,Thriller,110
The Game Plan,2007,Friday,Spring,Disney,Discovery,Comedy,22
Sicko,2007,Friday,Spring,Weinstein Co.,Quest,Documentary,9
I Am Legend,2007,Friday,Spring,Warner Bros.,Quest,Thriller,150
Halloween,2007,Friday,Spring,Weinstein Co.,Pursuit,Horror,20
Hairspray,2007,Friday,Spring,Warner Bros.,Underdog,Musical,75
Fantastic Four: Rise of the Silver Surfer,2007,Friday,Spring,Fox,Monster Force,Action,130
Zodiac,2007,Friday,Spring,Paramount,Pursuit,Thriller,65
Live Free or Die Hard,2007,Friday,Spring,Fox,Rescue,Action,110
The Kite Runner,2007,Friday,Spring,Paramount,Maturation,Drama,20
Spider-Man 3,2007,Friday,Spring,Sony,Metamorphosis,Action,258
The Darjeeling Limited,2007,Friday,Spring,Fox,Journey and Return,Drama,17.5
The Nanny Diaries,2007,Friday,Spring,Weinstein Co.,Discovery,Comedy,20
The Mist,2007,Friday,Spring,Weinstein Co.,Monster Force,Horror,18
Harry Potter and the Order of the Phoenix,2007,Friday,Spring,Warner Bros.,Quest,Adventure,150
P.S. I Love You,2007,Friday,Spring,Independent,Love,Romance,30
Beowulf,2007,Friday,Spring,Paramount,Journey and Return,Action,150
Daddy Day Camp,2007,Friday,Spring,Sony,Comedy,Comedy,6
Lions for Lambs,2007,Friday,Spring,Independent,Quest,Drama,35
Hostel: Part II,2007,Friday,Summer,Lionsgate,Escape,Horror,10
Transformers,2007,Friday,Summer,Paramount,Monster Force,Action,150
Grindhouse,2007,Friday,Summer,Weinstein Co.,Pursuit,Action,53
Next,2007,Friday,Summer,Paramount,Pursuit,Thriller,70
Shoot 'Em Up,2007,Friday,Summer,Warner Bros.,Pursuit,Action,39
Ratatouille,2007,Friday,Summer,Disney,Transformation,Animation,150
Meet the Robinsons,2007,Friday,Summer,Disney,Quest,Animation,100
Mr. Magorium's Wonder Emporium,2007,Friday,Summer,Independent,Transformation,Fantasy,25
Sweeney Todd: The Demon Barber of Fleet Street,2007,Friday,Summer,Warner Bros.,Revenge,Musical,50
Superbad,2007,Friday,Summer,Sony,Comedy,Comedy,20
Evan Almighty,2007,Friday,Summer,Universal,Comedy,Comedy,175
In the Land of Women,2007,Friday,Summer,Warner Bros.,Transformation,Comedy,10
Good Luck Chuck,2007,Friday,Summer,Lionsgate,Love,Comedy,25
Charlie Wilson's War,2007,Friday,Summer,Universal,Discovery,Biography,75
Vacancy,2007,Friday,Summer,Sony,Pursuit,Comedy,19
I Now Pronounce You Chuck and Larry,2007,Friday,Summer,Universal,Comedy,Comedy,85
300,2007,Friday,Summer,Warner Bros.,Sacrifice,Action,65
Mr. Brooks,2007,Friday,Summer,MGM,Temptation,Thriller,20
Alvin and the Chipmunks,2007,Friday,Summer,Fox,Comedy,Animation,70
Epic Movie,2007,Friday,Summer,Independent,Comedy,Comedy,20
Premonition,2007,Friday,Summer,Sony,The Riddle,Drama,20
The Golden Compass,2007,Friday,Summer,Warner Bros.,Rescue,Action,180
There Will Be Blood,2007,Friday,Fall,Paramount,Wretched Excess,Drama,25
The Simpsons Movie,2007,Friday,Fall,Fox,Maturation,Comedy,75
Happily N'Ever After,2007,Friday,Fall,Lionsgate,Maturation,Animation,47
Stardust,2007,Friday,Fall,Paramount,Quest,Adventure,70
Across the Universe,2007,Friday,Fall,Independent,Love,Romance,45
Shrek the Third,2007,Friday,Fall,Paramount,Quest,Animation,160
We Own the Night,2007,Friday,Fall,Sony,Sacrifice,Drama,21
Michael Clayton,2007,Friday,Fall,Independent,Transformation,Thriller,25
The Heartbreak Kid,2007,Wednesday,Fall,Paramount,Love,Comedy,60
Rush Hour 3,2007,Wednesday,Fall,Warner Bros.,Rescue,Action,140
Enchanted,2007,Friday,Fall,Disney,Love,Comedy,85
The Bucket List,2007,Friday,Fall,Warner Bros.,Discovery,Drama,45
Shooter,2007,Friday,Fall,Paramount,Pursuit,Action,61
Norbit,2007,Friday,Fall,Paramount,Comedy,Comedy,60
Ghost Rider,2007,Friday,Fall,Sony,Monster Force,Action,110
Knocked Up,2007,Friday,Fall,Universal,Love,Comedy,33
Pirates of the Caribbean: At World's End,2007,Friday,Fall,Disney,Rescue,Action,300
The Invasion,2007,Friday,Fall,Warner Bros.,Monster Force,Sci-Fi,80
Nancy Drew,2007,Friday,Fall,Independent,The Riddle,Thriller,20
Tyler Perry's Why Did I get Married,2007,Friday,Fall,Independent,Love,Romance,15
Wild Hogs,2007,Friday,Winter,Disney,Transformation,Comedy,90
Bee Movie,2007,Friday,Winter,Paramount,Journey and Return,Animation,150
Ocean's 13,2007,Friday,Winter,Warner Bros.,Revenge,Thriller,85
No Country for Old Men,2007,Friday,Winter,Paramount,Pursuit,Drama,25
Dragon Wars (aka D-War),2007,Friday,Winter,Mediaplex,Monster Force,Action,75
Walk Hard: The Dewey Cox Story,2007,Wednesday,Winter,Sony,Comedy,Comedy,35
Fireproof,2008,Friday,Winter,Independent,Love,Drama,0.5
The Haunting of Molly Hartley,2008,Friday,Winter,Independent,Sacrifice,Horror,5
Death Race,2008,Friday,Winter,Universal,Escape,Action,45
Madagascar: Escape 2 Africa,2008,Wednesday,Winter,Paramount,Journey and Return,Animation,150
The Bank Job,2008,Friday,Winter,Independent,Quest,Thriller,20
Ghost Town,2008,Friday,Winter,Paramount,Transformation,Comedy,20
Harold and Kumar Escape from Guantanamo Bay,2008,Friday,Winter,Warner Bros.,Escape,Adventure,12
The Secret Life of Bees,2008,Wednesday,Winter,Fox,Maturation,Drama,11
Doubt,2008,Friday,Winter,Independent,The Riddle,Drama,25
Drillbit Taylor,2008,Friday,Winter,Paramount,Comedy,Comedy,40
Hancock,2008,Friday,Winter,Sony,Discovery,Action,150
Pride & Glory,2008,Wednesday,Winter,Warner Bros.,Temptation,Crime,30
College Road Trip,2008,Friday,Winter,Buena Vista,Comedy,Adventure,140
Rachel Getting Married,2008,Friday,Winter,Independent,Love,Drama,12
Bolt,2008,Friday,Winter,Disney,Rescue,Animation,150
Nick and Norah's Infinite Playlist,2008,Friday,Winter,Sony,Love,Comedy,10
The Strangers,2008,Friday,Winter,Relativity,Escape,Horror,9
Swing Vote,2008,Wednesday,Winter,Disney,Maturation,Comedy,20
Bedtime Stories,2008,Friday,Winter,Disney,Rivalry,Comedy,80
Righteous Kill,2008,Friday,Winter,Overture,The Riddle,Crime,60
Australia,2008,Wednesday,Winter,Fox,Fish Out of Water,Adventure,78
Mamma Mia!,2008,Friday,Winter,Universal,Love,Comedy,66
The Dark Knight,2008,Friday,Winter,Warner Bros.,Revenge,Thriller,185
27 Dresses,2008,Friday,Winter,Fox,Love,Comedy,30
Journey to the Center of the Earth,2008,Friday,Winter,Warner Bros.,Quest,Action,45
The Mummy: Tomb of the Dragon Emperor,2008,Friday,Spring,Universal,Quest,Action,145
Step Brothers,2008,Friday,Spring,Sony,Comedy,Comedy,65
The Ruins,2008,Friday,Spring,Paramount,Rescue,Horror,25
Get Smart,2008,Friday,Spring,Warner Bros.,Pursuit,Action,80
Traitor,2008,Friday,Spring,Liberty Starz,Pursuit,Thriller,22
Burn After Reading,2008,Friday,Spring,Relativity,Comedy,Comedy,37
The Spiderwick Chronicles,2008,Friday,Spring,Paramount,Fish Out of Water,Fantasy,92.5
Changeling,2008,Wednesday,Spring,Independent,Quest,Drama,55
Miss Pettigrew Lives for a Day,2008,Friday,Spring,Independent,Love,Comedy,60
Doomsday,2008,Friday,Spring,Relativity,Quest,Action,33
WALL-E,2008,Wednesday,Spring,Disney,Love,Animation,180
Transporter 3,2008,Friday,Spring,Independent,Escape,Action,30
Quantum of Solace,2008,Friday,Spring,MGM,Revenge,Action,230
You Don't Mess with the Zohan,2008,Friday,Spring,Sony,Fish Out of Water,Comedy,80
The Chronicles of Narnia: Prince Caspian,2008,Friday,Spring,Disney,Fish Out of Water,Action,200
88 Minutes,2008,Friday,Spring,Sony,The Riddle,Drama,30
"Definitely,Maybe",2008,Friday,Spring,Universal,Discovery,Comedy,7
Hellboy II: The Golden Army,2008,Wednesday,Spring,Universal,Sacrifice,Action,82.5
Fool's Gold,2008,Wednesday,Spring,Warner Bros.,Quest,Adventure,72.5
Speed Racer,2008,Friday,Spring,Warner Bros.,Quest,Action,120
Religulous,2008,Friday,Spring,Lionsgate,Comedy,Documentary,2.5
Forgetting Sarah Marshall,2008,Wednesday,Spring,Independent,Maturation,Comedy,30
Punisher: War Zone,2008,Friday,Spring,Lionsgate,Revenge,Action,35
21,2008,Friday,Spring,Sony,Quest,Crime,35
"Be Kind,Rewind",2008,Friday,Spring,New Line,Comedy,Comedy,20
Sex and the City,2008,Friday,Spring,Warner Bros.,Love,Comedy,57.5
Mirrors,2008,Wednesday,Spring,Independent,Monster Force,Horror,35
Rambo,2008,Wednesday,Spring,Lionsgate,Rescue,Action,47.5
Pineapple Express,2008,Friday,Spring,Sony,Comedy,Action,26
The Tale of Despereaux,2008,Friday,Spring,Universal,Rescue,Animation,55
Disaster Movie,2008,Friday,Summer,Lionsgate,Rescue,Comedy,20
Semi-Pro,2008,Friday,Summer,Warner Bros.,Underdog,Comedy,2.6
The Express,2008,Friday,Summer,Independent,Maturation,Biopic,37.5
The Incredible Hulk,2008,Friday,Summer,Universal,Metamorphosis,Action,137.5
Step Up 2: The Streets,2008,Wednesday,Summer,Disney,Underdog,Drama,17.5
Smart People,2008,Friday,Summer,Independent,Transformation,Comedy,7
My Best Friend's Girl,2008,Friday,Summer,Lionsgate,Comedy,Comedy,20
Meet the Spartans,2008,Wednesday,Summer,Independent,Comedy,Comedy,30
Untraceable,2008,Friday,Summer,Independent,The Riddle,Thriller,35
Cadillac Records,2008,Friday,Summer,Sony,Rags to Riches,Biography,12
Nights in Rodanthe,2008,Friday,Summer,Warner Bros.,Discovery,Drama,30
The Longshots,2008,Wednesday,Summer,Independent,Quest,Comedy,30
City of Ember,2008,Wednesday,Summer,Independent,Escape,Adventure,38
Tropic Thunder,2008,Friday,Summer,Paramount,Fish Out of Water,Comedy,90
The House Bunny,2008,Friday,Summer,Sony,Discovery,Comedy,25
Sex Drive,2008,Friday,Summer,Summit,Journey and Return,Adventure,19
Wanted,2008,Friday,Summer,Universal,Transformation,Action,75
Mad Money,2008,Friday,Summer,Independent,Comedy,Comedy,22
Quarantine,2008,Friday,Summer,Sony,Monster Force,Horror,12
Role Models,2008,Friday,Summer,Universal,Discovery,Comedy,28
What Happens in Vegas,2008,Friday,Summer,Fox,Love,Comedy,35
Twilight,2008,Friday,Summer,Summit,Love,Romance,37
Marley and Me,2008,Friday,Summer,Fox,Love,Comedy,55
Stop-Loss,2008,Friday,Summer,Paramount,Tragedy,Drama,25
Space Chimps,2008,Friday,Summer,Independent,Transformation,Animation,37
Street Kings,2008,Wednesday,Summer,Fox,The Riddle,Action,20
CLoverfield,2008,Friday,Summer,Paramount,Monster Force,Action,25
Vicky Cristina Barcelona,2008,Friday,Summer,Weinstein Co.,Temptation,Romance,16
Nim's Island,2008,Friday,Summer,Independent,Rescue,Adventure,37
Iron Man,2008,Friday,Summer,Paramount,Metamorphosis,Action,186
The Curious Case of Benjamin Button,2008,Friday,Summer,Warner Bros.,Love,Fantasy,160
Shutter,2008,Friday,Summer,Fox,Monster Force,Horror,8
The Love Guru,2008,Friday,Summer,Paramount,Comedy,Comedy,62
One Missed Call,2008,Friday,Summer,Warner Bros.,Monster Force,Horror,20
The Day the Earth Stood Still ,2008,Friday,Fall,Fox,Sacrifice,Thriller,100
Baby Mama,2008,Friday,Fall,Independent,Discovery,Comedy,70
Valkyrie,2008,Friday,Fall,MGM,Sacrifice,Thriller,75
Zack and Miri Make a Porno,2008,Friday,Fall,Weinstein Co.,Love,Romance,24
Yes Man,2008,Friday,Fall,Warner Bros.,Transformation,Comedy,70
Body of Lies,2008,Friday,Fall,Warner Bros.,Temptation,Action,67.5
The Happening,2008,Friday,Fall,Fox,Escape,Thriller,48
Saw V,2008,Friday,Fall,Independent,Monster Force,Crime,10.8
"Welcome Home,Roscoe Jenkins",2008,Friday,Fall,Universal,Discovery,Comedy,35
Meet Dave,2008,Friday,Fall,Fox,Fish Out of Water,Adventure,60
Babylon A.D.,2008,Friday,Fall,Fox,Quest,Action,45
"10,000 B.C.",2008,Friday,Fall,Warner Bros.,Rescue,Adventure,105
High School Musical 3: Senior Year,2008,Friday,Fall,Disney,Love,Comedy,11
Superhero Movie,2008,Friday,Fall,Weinstein Co.,Comedy,Comedy,65
Leatherheads,2008,Friday,Fall,Universal,Rivalry,Comedy,58
Dr. Seuss' Horton Hears a Who!,2008,Friday,Fall,Fox,Rescue,Animation,85
Jumper,2008,Friday,Fall,Fox,Rescue,Action,82.5
Prom Night,2008,Friday,Fall,Independent,Escape,Horror,18
The Other Boleyn Girl,2008,Friday,Fall,Independent,Tragedy,Drama,40
Eagle Eye,2008,Friday,Fall,Paramount,Pursuit,Action,80
Max Payne,2008,Friday,Fall,Fox,Revenge,Action,35
The Spirit,2008,Friday,Fall,Lionsgate,Rivalry,Action,6
Kung Fu Panda,2008,Friday,Fall,Paramount,Underdog,Animation,200
Made of Honor,2008,Friday,Fall,Sony,Love,Comedy,40
Tyler Perry's The Family That Preys,2008,Friday,Fall,Independent,Discovery,Drama,10
The X-Files: I Want to Believe,2008,Friday,Fall,Fox,Monster Force,Thriller,35
Tyler Perry's Meet the Browns,2008,Friday,Fall,Independent,Discovery,Drama,20
Never Back Down,2008,Friday,Winter,Summit,Rivalry,Action,21
Star Wars: The Clone Wars,2008,Friday,Winter,Independent,Sacrifice,Animation,8.5
Seven Pounds,2008,Friday,Winter,Sony,Sacrifice,Drama,55
Miracle at St. Anna,2008,Wednesday,Winter,Disney,Quest,Action,45
The Forbidden Kingdom,2008,Wednesday,Winter,Relativity,Journey and Return,Action,55
Lakeview Terrace,2008,Friday,Winter,Sony,Rivalry,Crime,20
First Sunday,2008,Friday,Winter,Sony,Comedy,Comedy,13
Appaloosa,2008,Friday,Winter,Warner Bros.,Rescue,Action,20
Indiana Jones and the Kingdom of the Crystal Skull,2008,Friday,Winter,Paramount,Pursuit,Action,185
The Women,2008,Friday,Winter,Warner Bros.,Transformation,Drama,16
Beverly Hills Chihuahua,2008,Friday,Winter,Disney,Journey and Return,Adventure,20
G-Force ,2009,Friday,Winter,Disney,Comedy,Action,150
The Eye,2008,Friday,Winter,Lionsgate,Sacrifice,Horror,12
Bangkok Dangerous,2008,Wednesday,Winter,Lionsgate,Pursuit,Action,45
Milk,2008,Wednesday,Winter,Universal,Quest,Biography,20
The Unborn,2009,Friday,Winter,Relativity,Monster Force,Horror,16
Ghosts of Girlfriends Past ,2009,Friday,Winter,Warner Bros.,Love,Comedy,50
Amelia ,2009,Wednesday,Winter,Independent,Quest,Adventure,40
The Time Traveler's Wife ,2009,Wednesday,Winter,Paramount,Love,Drama,39
Obsessed ,2009,Friday,Winter,Sony,Rivalry,Drama,20
The Blind Side ,2009,Friday,Winter,Warner Bros.,Rags To Riches,Biography,29
W.,2008,Friday,Winter,Lionsgate,Rivalry,Drama,25.1
Observe and Report ,2009,Friday,Winter,Warner Bros.,Comedy,Comedy,18
Next Day Air ,2009,Friday,Winter,Summit,Comedy,Action,3
Drag Me to Hell ,2009,Friday,Winter,Universal,Monster Force,Horror,30
Saw VI ,2009,Friday,Winter,Independent,Escape,Horror,11
The International ,2009,Friday,Winter,Sony,The Riddle,Action,50
Knowing ,2009,Friday,Winter,Summit,Escape,Drama,50
Old Dogs ,2009,Wednesday,Winter,Buena Vista,Comedy,Comedy,35
Angels & Demons ,2009,Friday,Winter,Sony,The Riddle,Mystery,150
Sorority Row ,2009,Friday,Winter,Summit,Pursuit,Horror,12.5
Love Happens ,2009,Friday,Winter,Universal,Love,Drama,18
Terminator Salvation ,2009,Friday,Winter,Warner Bros.,Monster Force,Action,200
Race to Witch Mountain ,2009,Friday,Winter,Buena Vista,Quest,Action,50
Notorious,2009,Friday,Winter,Fox,Tragedy ,Biography,20
The Men Who Stare at Goats ,2009,Friday,Winter,Independent,Comedy,Comedy,25
X-Men Origins: Wolverine ,2009,Friday,Winter,Fox,Revenge,Action,150
I Love You Beth Cooper ,2009,Friday,Winter,Fox,Comedy,Comedy,18
The Princess and the Frog ,2009,Friday,Spring,Disney,Metamorphosis,Animation,105
Post Grad ,2009,Friday,Spring,Fox,Maturation,Comedy,15
17 Again ,2009,Friday,Spring,Independent,Maturation,Comedy,20
A Perfect Getaway ,2009,Friday,Spring,Universal,Escape,Mystery,14
Gamer ,2009,Friday,Spring,Lionsgate,Revenge,Action,12.5
Cloudy with a Chance of Meatballs ,2009,Friday,Spring,Sony,Comedy,Animation,100
Inglourious Basterds ,2009,Friday,Spring,Universal,Underdog,Adventure,70
Watchmen ,2009,Friday,Spring,Warner Bros.,Sacrifice,Action,130
Street Fighter: The Legend of Chun-Li ,2009,Friday,Spring,Fox,Revenge,Action,50
Dragonball Evolution ,2009,Friday,Spring,Fox,Quest,Action,30
The Pink Panther 2 ,2009,Friday,Spring,Sony,Comedy,Adventure,59
Hannah Montana: The Movie ,2009,Friday,Spring,Disney,Maturation,Comedy,35
Brothers ,2009,Friday,Spring,Lionsgate,Transformation,Drama,26
Imagine That ,2009,Friday,Spring,Paramount,Comedy,Comedy,55
Underworld: Rise of the Lycans ,2009,Friday,Spring,Sony,Rivalry,Action,35
The Road ,2009,Friday,Spring,Weinstein Co.,Quest,Adventure,25
District 9 ,2009,Friday,Spring,Independent,Metamorphosis,Action,30
Not Easily Broken ,2009,Friday,Spring,Independent,Love,Drama,5
Fame,2009,Friday,Spring,MGM,Maturation,Comedy,18
Taking Woodstock ,2009,Wednesday,Spring,Focus,Quest,Comedy,29
Jennifer's Body ,2009,Wednesday,Spring,Fox,Monster Force,Comedy,16
Fast and Furious ,2009,Friday,Spring,Universal,Revenge,Action,85
Coraline ,2009,Friday,Spring,Universal,Journey and Return,Animation,60
The Informant! ,2009,Friday,Spring,Warner Bros.,Comedy,Comedy,22
Ice Age: Dawn of the Dinosaurs ,2009,Friday,Spring,Fox,Quest,Animation,90
Fired Up! ,2009,Friday,Spring,Independent,Comedy,Comedy,20
Up ,2009,Friday,Spring,Disney,Journey and Return,Animation,175
Extract ,2009,Friday,Spring,Miramax,Comedy,Comedy,7.5
Push ,2009,Friday,Spring,Summit,Quest,Action,38
Bride Wars ,2009,Wednesday,Spring,Fox,Comedy,Comedy,30
Night at the Museum: Battle of the Smithsonian ,2009,Wednesday,Spring,Fox,Quest,Action,150
Sunshine Cleaning ,2009,Friday,Spring,Independent,Transformation,Comedy,5
Hotel for Dogs ,2009,Friday,Spring,Paramount,Comedy,Comedy,35
Did You Hear About the Morgans? ,2009,Friday,Spring,Sony,Comedy,Comedy,58
9,2009,Friday,Spring,Focus,Sacrifice,Animation,30
The Lovely Bones ,2009,Friday,Spring,Paramount,Tragedy,Drama,65
Invictus,2009,Friday,Spring,Warner Bros.,Underdog,Biography,60
Dance Flick ,2009,Friday,Summer,Paramount,Comedy,Action,25
Funny People ,2009,Friday,Summer,Universal,Transformation,Comedy,75
Surrogates ,2009,Wednesday,Summer,Buena Vista,Pursuit,Action,80
Up in the Air ,2009,Wednesday,Summer,Paramount,Maturation,Drama,25
Julie & Julia ,2009,Friday,Summer,Sony,Underdog,Biography,40
Ninja Assassin ,2009,Friday,Summer,Warner Bros.,Revenge,Action,50
Aliens in the Attic ,2009,Wednesday,Summer,Fox,Monster Force,Adventure,45
Crank: High Voltage ,2009,Wednesday,Summer,Lionsgate,Pursuit,Action,12.9
Transformers: Revenge of the Fallen ,2009,Friday,Summer,Paramount,Revenge,Action,210
Paranormal Activity ,2009,Friday,Summer,Independent,Monster Force,Horror,0.02
Adventureland ,2009,Friday,Summer,Miramax,Maturation,Comedy,9.8
Everybody's Fine ,2009,Friday,Summer,Miramax,Discovery,Drama,21
The Stepfather,2009,Friday,Summer,Sony,Rescue,Mystery,20
Pandorum ,2009,Friday,Summer,Independent,Monster Force,Action,40
My Bloody Valentine 3-D ,2009,Friday,Summer,Lionsgate,Pursuit,Crime,14
The Ugly Truth ,2009,Friday,Summer,Independent,Love,Comedy,38
An Education,2009,Friday,Summer,Sony,Maturation,Drama,7.5
Where the Wild Things Are ,2009,Friday,Summer,Warner Bros.,Journey and Return,Adventure,100
The Proposal ,2009,Friday,Summer,Disney,Love,Comedy,40
Paul Blart: Mall Cop ,2009,Friday,Summer,Sony,Comedy,Action,26
Fantastic Mr. Fox ,2009,Friday,Summer,Fox,Rivalry,Animation,40
The Hangover ,2009,Friday,Summer,Warner Bros.,Comedy,Comedy,35
Law Abiding Citizen ,2009,Wednesday,Summer,Independent,Revenge,Crime,53
Duplicity ,2009,Friday,Summer,Universal,Rivalry,Romance,60
Inkheart ,2009,Friday,Summer,Warner Bros.,Quest,Adventure,60
Sherlock Holmes ,2009,Friday,Summer,Warner Bros.,The Riddle,Action,90
The Box ,2009,Friday,Summer,Warner Bros.,Temptation,Drama,30
Confessions of a Shopaholic ,2009,Friday,Summer,Disney,Comedy,Comedy,70
The Hurt Locker ,2009,Friday,Summer,Independent,Quest,Drama,15
"Pirate Radio (The Boat that Rocked,UK)",2009,Friday,Summer,Focus,Comedy,Comedy,50
He's Just Not That Into You ,2009,Friday,Summer,Warner Bros.,Love,Comedy,25
Zombieland ,2009,Friday,Summer,Sony,Monster Force,Action,23.6
Whatever Works ,2009,Wednesday,Summer,Independent,Discovery,Comedy,15
Star Trek ,2009,Friday,Summer,Paramount,Revenge,Action,140
It's Complicated ,2009,Friday,Summer,Universal,Love,Comedy,85
Couples Retreat ,2009,Friday,Summer,Universal,Comedy,Comedy,60
Avatar ,2009,Friday,Fall,Fox,Metamorphosis,Action,237
Whiteout ,2009,Friday,Fall,Warner Bros.,Pursuit,Action,35
The Twilight Saga: New Moon ,2009,Friday,Fall,Summit,Love,Drama,50
12 Rounds ,2009,Friday,Fall,Fox,Rescue,Action,20
Planet 51 ,2009,Friday,Fall,Independent,Comedy,Animation,70
Public Enemies ,2009,Friday,Fall,Universal,Underdog,Biography,100
Halloween II,2009,Wednesday,Fall,Independent,Escape,Horror,15
G.I. Joe: The Rise of Cobra ,2009,Wednesday,Fall,Paramount,Pursuit,Action,175
Cirque du Freak: The Vampire's Assistant ,2009,Friday,Fall,Universal,Discovery,Action,40
Orphan ,2009,Friday,Fall,Warner Bros.,Escape,Horror,30
The Invention of Lying ,2009,Friday,Fall,Warner Bros.,Love,Comedy,18.5
A Christmas Carol,2009,Friday,Fall,Disney,Transformation,Animation,200
Nine ,2009,Friday,Fall,Weinstein Co.,Discovery,Drama,80
"I Love You,Man ",2009,Friday,Fall,Paramount,Comedy,Comedy,40
The Soloist ,2009,Friday,Fall,Paramount,Quest,Drama,60
Away We Go ,2009,Friday,Fall,Focus,Discovery,Comedy,21
Whip It ,2009,Friday,Fall,Independent,Maturation,Drama,15
Monsters Vs. Aliens ,2009,Friday,Fall,Paramount,Monster Force,Animation,175
Harry Potter and the Half-Blood Prince ,2009,Friday,Fall,Warner Bros.,Quest,Adventure,250
The Final Destination ,2009,Friday,Fall,Warner Bros.,Escape,Horror,40
Astro Boy ,2009,Friday,Fall,Summit,Quest,Animation,65
Land of the Lost ,2009,Friday,Fall,Universal,Journey and Return,Drama,100
Friday the 13th,2009,Friday,Fall,Paramount,Monster Force,Horror,19
Michael Jackson's This Is It ,2009,Friday,Fall,Sony,Tragedy,Documentary,60
State of Play ,2009,Friday,Fall,Universal,The Riddle,Crime,60
The Fourth Kind ,2009,Friday,Fall,Universal,Monster Force,Mystery,10
(500) Days of Summer ,2009,Friday,Fall,Fox,Love,Comedy,7.5
The Taking of Pelham 1 2 3 ,2009,Friday,Fall,Sony,Rescue,Action,100
Taken ,2009,Friday,Fall,Fox,Pursuit,Action,25
A Serious Man ,2009,Friday,Fall,Universal,Love,Drama,7
My Sister's Keeper ,2009,Friday,Fall,Warner Bros.,Escape,Drama,27.5
The Haunting in Connecticut ,2009,Friday,Winter,Lionsgate,Monster Force,Drama,30
2012,2009,Friday,Winter,Sony,Escape,Action,200
Bruno ,2009,Friday,Winter,Universal,Comedy,Comedy,42
My Life in Ruins ,2009,Friday,Winter,Independent,Comedy,Comedy,17
Year One ,2009,Friday,Winter,Sony,Quest,Adventure,60
Alvin and the Chipmunks: The Squeakquel ,2009,Friday,Winter,Independent,Comedy,Animation,75
All About Steve ,2009,Friday,Winter,Fox,Comedy,Comedy,15
Armored ,2009,Friday,Winter,Sony,Temptation,Action,20
Bandslam ,2009,Friday,Winter,Summit,Maturation,Comedy,20
The A-Team,2010,Friday,Winter,Fox,Pursuit,Action,100
Stone,2010,Friday,Winter,Independent,Rivalry,Drama,22
The Social Network,2010,Friday,Winter,Sony,Rags to Riches,Biography,50
Buried,2010,Friday,Winter,Independent,Escape,Drama,2
Takers,2010,Friday,Winter,Sony,Rivalry,Action,32
The Sorcerer's Apprentice,2010,Friday,Winter,Disney,Pursuit,Action,150
The Last Song,2010,Friday,Winter,Disney,Discovery,Drama,20
Black Swan        ,2010,Friday,Winter,Fox,Wretched Excess,Drama,13
The Book of Eli        ,2010,Friday,Winter,Independent,Quest,Action,80
Letters to Juliet,2010,Friday,Winter,Summit,Love,Comedy,30
Prince of Persia: The Sands of Time,2010,Friday,Winter,Disney,Rivalry,Action,200
Wall Street: Money Never Sleeps,2010,Friday,Winter,Independent,Rivalry,Drama,70
Death at a Funeral,2010,Friday,Winter,Independent,Comedy,Comedy,21
Shrek Forever After,2010,Friday,Spring,Paramount,Journey and Return,Animation,165
"Eat Pray Love	",2010,Friday,Spring,Sony,Journey and Return,Drama,60
Get Him to the Greek,2010,Friday,Spring,Universal,Comedy,Comedy,40
Sex and the City 2,2010,Friday,Spring,Warner Bros.,Love,Comedy,100
Love & Other Drugs,2010,Friday,Spring,Fox,Love,Comedy,30
The Back-up Plan,2010,Wednesday,Spring,CBS,Love,Comedy,35
Brooklyn's Finest,2010,Friday,Spring,Independent,Temptation,Action,17
Life as We Know It,2010,Friday,Spring,Independent,Love,Comedy,38
Dinner for Schmucks,2010,Friday,Spring,Paramount,Comedy,Comedy,69
Unstoppable,2010,Friday,Spring,Fox,Rescue,Action,95
Cats & Dogs: The Revenge of Kitty Galore,2010,Friday,Spring,Independent,Pursuit,Action,85
All About Steve ,2010,Friday,Spring,Independent,Comedy,Comedy,15
Iron Man 2,2010,Friday,Spring,Paramount,Rivalry,Action,200
Knight and Day,2010,Friday,Spring,Fox,Pursuit,Action,117
Date Night,2010,Friday,Spring,Fox,Pursuit,Comedy,55
Megamind,2010,Wednesday,Spring,Paramount,Transformation,Animation,130
"Grown Ups	",2010,Friday,Spring,Independent,Comedy,Comedy,80
From Paris with Love,2010,Friday,Spring,Independent,Pursuit,Action,52
Just Wright,2010,Friday,Spring,Fox,Love,Comedy,12
Solitary Man,2010,Friday,Spring,Independent,Wretched Excess,Comedy,15
Easy A,2010,Friday,Spring,Sony,Maturation,Comedy,8
The Ghost Writer,2010,Friday,Spring,Summit,The Riddle,Mystery,45
Alice in Wonderland,2010,Friday,Spring,Disney,Journey and Return,Adventure,200
Due Date,2010,Friday,Spring,Warner Bros.,Comedy,Comedy,50
Jonah Hex,2010,Friday,Spring,Warner Bros.,Revenge,Action,47
Conviction,2010,Friday,Spring,Independent,Rescue,Biography,12.5
"Furry Vengeance	",2010,Friday,Spring,Summit,Comedy,Comedy,35
The Chronicles of Narnia: The Voyage of the Dawn Treader,2010,Friday,Spring,Fox,Quest,Adventure,155
Little Fockers,2010,Friday,Spring,Independent,Comedy,Comedy,100
You Again,2010,Friday,Spring,Independent,Comedy,Comedy,20
The Fighter,2010,Friday,Spring,Paramount,Underdog,Drama,25
Tangled,2010,Friday,Summer,Disney,Love,Animation,260
The Expendables,2010,Friday,Summer,Independent,Pursuit,Action,82
"Daybreakers	",2010,Friday,Summer,Lionsgate,Discovery,Action,20
Going the Distance,2010,Friday,Summer,Warner Bros.,Love,Comedy,32
Repo Men,2010,Friday,Summer,Universal,Rescue,Action,32
The King's Speech,2010,Friday,Summer,Independent,Maturation,Biography,15
Kick-Ass,2010,Friday,Summer,Independent,Rivalry,Action,30
True Grit,2010,Friday,Summer,Paramount,Revenge,Adventure,38
The Bounty Hunter,2010,Friday,Summer,Sony,Rivalry,Action,40
Marmaduke,2010,Friday,Summer,Fox,Rivalry,Comedy,50
Hot Tub Time Machine,2010,Friday,Summer,MGM,Journey and Return,Adventure,36
Tooth Fairy,2010,Friday,Summer,Fox,Comedy,Comedy,48
Gulliver's Travels,2010,Friday,Summer,Fox,Journey and Return,Comedy,112
Legion,2010,Friday,Summer,Independent,Monster Force,Action,26
Why Did I Get Married Too?,2010,Friday,Summer,Lionsgate,Comedy,Comedy,20
The Wolfman,2010,Wednesday,Summer,Universal,Monster Force,Drama,150
Inception,2010,Wednesday,Summer,Warner Bros.,Journey and Return,Action,160
Machete,2010,Friday,Summer,Independent,Revenge,Action,20
Salt,2010,Friday,Summer,Sony,Revenge,Action,110
Green Zone,2010,Friday,Summer,Universal,Quest,Action,100
Killers,2010,Friday,Summer,Lionsgate,Love,Action,75
Jackass 3-D,2010,Friday,Summer,Paramount,Comedy,Documentary,20
"Faster	",2010,Friday,Summer,CBS,Revenge,Action,24
Devil,2010,Friday,Summer,Independent,Monster Force,Horror,10
The Switch,2010,Friday,Summer,Independent,Comedy,Comedy,19
Nanny McPhee Returns,2010,Friday,Summer,Universal,Comedy,Comedy,35
Paranormal Activity 2,2010,Friday,Summer,Paramount,Monster Force,Horror,3
Youth in Revolt,2010,Friday,Summer,Weinstein Co.,Love,Comedy,18
The Last Exorcism,2010,Friday,Summer,Independent,Monster Force,Drama,1.8
Country Strong,2010,Friday,Summer,Sony,Rags to Riches,Drama,15
Case 39,2010,Friday,Summer,Independent,Monster Force,Horror,26
Dear John,2010,Friday,Fall,Sony,Love,Drama,25
Despicable Me,2010,Friday,Fall,Universal,Maturation,Animation,69
Edge of Darkness,2010,Friday,Fall,Warner Bros.,Revenge,Crime,80
Legend of the Guardians: The Owls of Ga'Hoole,2010,Friday,Fall,Warner Bros.,Rivalry,Animation,80
The Runaways,2010,Friday,Fall,Independent,Maturation,Biography,10
Valentine's Day,2010,Friday,Fall,Warner Bros.,Love,Comedy,52
Cyrus,2010,Friday,Fall,Independent,Rivalry,Comedy,7
"Extraordinary Measures	",2010,Friday,Fall,CBS,Underdog,Drama,31
Alpha and Omega,2010,Friday,Fall,Crest,Journey and Return,Animation,20
The Kids Are All Right,2010,Friday,Fall,Independent,Comedy,Comedy,4
The Next Three Days,2010,Friday,Fall,Lionsgate,Rescue,Crime,30
How to Train Your Dragon,2010,Friday,Fall,Paramount,Underdog,Animation,165
127 Hours,2010,Friday,Fall,Independent,Escape,Adventure,18
"The Twilight Saga: Eclipse	",2010,Friday,Fall,Summit,Monster Force,Drama,68
The Town,2010,Friday,Fall,Warner Bros.,Rivalry,Crime,37
Morning Glory,2010,Wednesday,Fall,Independent,Comedy,Comedy,40
Shutter Island,2010,Friday,Fall,Paramount,The Riddle,Drama,80
Remember Me,2010,Friday,Fall,Summit,Love,Drama,16
Resident Evil: Afterlife,2010,Friday,Fall,Highlight Communications,Monster Force,Action,60
For Colored Girls,2010,Friday,Fall,Independent,Discovery,Drama,21
Vampires Suck,2010,Friday,Fall,Independent,Comedy,Comedy,20
All Good Things,2010,Friday,Fall,Independent,The Riddle,Drama,20
The Last Airbender,2010,Friday,Fall,Paramount,Quest,Action,150
Toy Story 3,2010,Friday,Fall,Disney,Rescue,Animation,200
MacGruber,2010,Friday,Fall,Independent,Comedy,Action,10
Clash of the Titans,2010,Friday,Fall,Warner Bros.,Quest,Action,125
Scott Pilgrim vs. the World,2010,Friday,Fall,Universal,Underdog,Action,60
The Losers,2010,Friday,Fall,Warner Bros.,Revenge,Action,25
A Nightmare on Elm Street,2010,Friday,Fall,Warner Bros.,Monster Force,Horror,35
Cop Out,2010,Friday,Fall,Warner Bros.,The Riddle,Action,30
Diary of a Wimpy Kid,2010,Friday,Fall,Independent,Underdog,Comedy,15
She's Out of My League,2010,Friday,Fall,Paramount,Love,Comedy,20
Harry Potter and the Deathly Hallows Part 1,2010,Friday,Fall,Warner Bros.,Quest,Adventure,125
Saw 3-D,2010,Friday,Winter,Independent,Escape,Crime,20
The Karate Kid,2010,Friday,Winter,Sony,Underdog,Action,40
The Other Guys,2010,Friday,Winter,Sony,Comedy,Action,100
Predators,2010,Friday,Winter,Fox,Monster Force,Action,40
"Charlie St. Cloud	",2010,Friday,Winter,Universal,Discovery,Fantasy,44
The American,2010,Friday,Winter,Universal,Rivalry,Crime,20
Piranha 3-D,2010,Friday,Winter,Weinstein Co.,Monster Force,Comedy,24
Robin Hood,2010,Friday,Winter,Universal,Rivalry,Action,200
Leap Year,2010,Friday,Winter,Universal,Love,Comedy,19
Percy Jackson & the Olympians: The Lightning Thief,2010,Wednesday,Winter,Fox,Rivalry,Action,95
Skyline,2010,Wednesday,Winter,Independent,Monster Force,Action,10
Tron: Legacy,2010,Friday,Winter,Independent,Fish Out of Water,Action,170
The Crazies,2010,Friday,Winter,Liberty Starz,Monster Force,Horror,20
Step Up 3D,2010,Friday,Winter,Summit,Transformation,Drama,30
City Island,2010,Friday,Winter,Independent,Transformation,Comedy,6
Burlesque,2010,Friday,Winter,Paramount,Rags to Riches,Drama,55
My Soul to Take,2010,Friday,Winter,Relativity,Monster Force,Horror,25
Red,2010,Friday,Winter,Summit,Rivalry,Action,58
Unknown,2011,Friday,Winter,Independent,The Riddle,Thriller,30
Midnight in Paris,2011,Friday,Winter,Sony,Love,Romance,17
Gnomeo and Juliet,2011,Wednesday,Winter,Disney,Love,Animation,36
The Hangover Part II,2011,Friday,Winter,Legendary Pictures,Comedy,Comedy,80
The Lincoln Lawyer,2011,Friday,Winter,Lionsgate,Fish Out of Water,Drama,40
Colombiana,2011,Friday,Winter,Sony,Revenge,Action,40
The Adjustment Bureau,2011,Friday,Winter,Independent,Sacrifice,Thriller,50.2
The Adventures of Tintin,2011,Friday,Winter,Paramount,Quest,Adventure,130
No Strings Attached,2011,Friday,Winter,Spyglass Entertainment,Comedy,Comedy,25
Happy Feet 2,2011,Friday,Winter,Village Roadshow Pictures,Journey and Return,Animation,135
Arthur,2011,Friday,Winter,Warner Bros.,Sacrifice,Comedy,40
The Conspirator,2011,Friday,Winter,Independent,Underdog,Drama,25
Paul,2011,Friday,Winter,Relativity,Comedy,Comedy,40
Jack and Jill,2011,Friday,Winter,Happy Madison,Comedy,Comedy,79
Zookeeper,2011,Friday,Winter,Happy Madison,Comedy,Comedy,80
Drive,2011,Friday,Winter,Independent,Rivalry,Thriller,15
Red Riding Hood,2011,Friday,Winter,Warner Bros.,Monster Force,Horror,42
Moneyball,2011,Wednesday,Winter,Columbia,Underdog,Drama,50
The Change Up,2011,Friday,Winter,Relativity,Metamorphosis,Comedy,52
The Smurfs,2011,Friday,Winter,Sony,Fish Out of Water,Animation,110
The Eagle,2011,Friday,Winter,Universal,Quest,Action,25
Dream House,2011,Friday,Winter,Morgan Creek Productions,The Riddle,Horror,50
J.Edgar,2011,Friday,Winter,Warner Bros.,Wretched Excess,Drama,35
What's Your Number,2011,Friday,Spring,20th Century Fox,Transformation,Comedy,20
Hall Pass,2011,Friday,Spring,Warner Bros.,Temptation,Comedy,36
Winnie The Pooh,2011,Wednesday,Spring,Disney,Quest,Animation,30
In Time,2011,Wednesday,Spring,Regency Enterprises,The Riddle,Thriller,40
Immortals,2011,Friday,Spring,Relativity,Revenge,Action,75
The Descendants,2011,Friday,Spring,20th Century Fox,Discovery,Drama,20
Twilight: Breaking Dawn,2011,Friday,Spring,Independent,Love,Romance,110
Your Highness,2011,Friday,Spring,Universal,Comedy,Comedy,49.9
Beginners,2011,Friday,Spring,Independent,Love,Comedy,3.2
Mission Impossible 4,2011,Friday,Spring,Paramount,Pursuit,Action,145
Anonymous,2011,Friday,Spring,Relativity,Tragedy,Drama,30
Insidious,2011,Friday,Spring,Sony,Monster Force,Horror,1.5
Soul Surfer,2011,Friday,Spring,Sony,Underdog,Drama,18
Harry Potter and the Deathly Hallows Part 2,2011,Friday,Spring,Warner Bros.,Rivalry,Fantasy,125
The Mechanic,2011,Friday,Spring,Independent,Revenge,Action,40
Bad Teacher,2011,Friday,Spring,Independent,Comedy,Comedy,20
The Dilemma,2011,Wednesday,Spring,Spyglass Entertainment,Comedy,Comedy,70
Scream 4,2011,Wednesday,Spring,Weinstein Co.,Monster Force,Horror,40
The Muppets,2011,Friday,Spring,Disney,Quest,Comedy,45
The Beaver,2011,Friday,Spring,Summit,Transformation,Drama,21
Paranormal Activity 3,2011,Friday,Spring,Independent,Monster Force,Horror,5
Abduction,2011,Friday,Spring,Vertigo Entertainment,Maturation,Action,35
Beastly,2011,Friday,Spring,CBS,Metamorphosis,Romance,17
The Ides of March,2011,Friday,Spring,Columbia,Transformation,Thriller,12.5
Cowboys and Aliens,2011,Friday,Spring,Universal,Monster Force,Action,163
Limitless,2011,Friday,Spring,Virgin,Wretched Excess,Thriller,27
The Roommate,2011,Friday,Spring,Independent,Monster Force,Horror,16
The Big Year,2011,Friday,Spring,Independent,Transformation,Comedy,41
"Crazy,Stupid,Love",2011,Friday,Spring,Warner Bros.,Discovery,Romance,50
Real Steel,2011,Friday,Spring,DreamWorks,Underdog,Action,110
Super 8 ,2011,Friday,Spring,Paramount,Monster Force,Horror,50
Captain America: The First Avenger,2011,Friday,Summer,Disney,Metamorphosis,Action,140
Footloose,2011,Friday,Summer,Spyglass Entertainment,Transformation,Drama,24
Green Lantern,2011,Friday,Summer,Warner Bros.,Metamorphosis,Action,200
Diary of a Wimpy Kid 2: Rodrick Rules,2011,Wednesday,Summer,20th Century Fox,Comedy,Comedy,21
30 Minutes or Less,2011,Friday,Summer,Independent,Comedy,Comedy,28
The Rite,2011,Friday,Summer,Warner Bros.,Monster Force,Horror,37
Don't Be Afraid Of The Dark,2011,Friday,Summer,Miramax,Monster Force,Horror,25
Rise of the Planet of the Apes,2011,Friday,Summer,20th Century Fox,Revenge,Action,93
Water For Elephants,2011,Friday,Summer,20th Century Fox,Love,Drama,38
Source Code,2011,Friday,Summer,Summit,The Riddle,Thriller,32
Dolphin Tale,2011,Friday,Summer,Independent,Quest,Drama,37
One Day,2011,Friday,Summer,Independent,Love,Romance,15
The Thing,2011,Friday,Summer,Universal,Monster Force,Horror,38
Kung Fu Panda 2,2011,Friday,Summer,DreamWorks,Rivalry,Animation,150
The Tree Of Life,2011,Friday,Summer,Independent,Discovery,Drama,32
Drive Angry,2011,Friday,Summer,Independent,Rescue,Action,45
I Am Number Four,2011,Friday,Summer,Paramount,Maturation,Thriller,60
Shark Night 3D,2011,Friday,Summer,Relativity,Escape,Horror,25
Priest,2011,Friday,Summer,Sony,Monster Force,Action,60
Thor,2011,Friday,Summer,Disney,Monster Force,Action,150
The Debt,2011,Friday,Summer,Universal,Pursuit,Thriller,20
Mr. Popper's Penguins,2011,Friday,Summer,20th Century Fox,Discovery,Comedy,55
Season Of The Witch,2011,Friday,Summer,Relativity ,Monster Force,Action,40
New Year's Eve,2011,Friday,Summer,Warner Bros.,Love,Romance,56
Sucker Punch,2011,Friday,Summer,Legendary Pictures,Quest,Action,82
Hop,2011,Friday,Summer,Relativity,Fish Out of Water,Animation,63
Larry Crowne,2011,Friday,Summer,Universal,Discovery,Drama,30
The Green Hornet,2011,Friday,Fall,Columbia,Rivalry,Action,120
Pirates of the Caribbean: On Stranger Tides,2011,Friday,Fall,Disney,Quest,Action,250
Warrior,2011,Friday,Fall,Lionsgate,Rivalry,Action,25
Final Destination 5,2011,Friday,Fall,New Line,Monster Force,Horror,40
Conan the Barbarian,2011,Friday,Fall,Lionsgate,Quest,Action,90
Cars 2,2011,Friday,Fall,Pixar,Fish Out of Water,Animation,200
Contagion,2011,Friday,Fall,Warner Bros.,The Riddle,Thriller,60
Arthur Christmas,2011,Friday,Fall,Aardman Animations,Journey and Return,Animation,150
Horrible Bosses,2011,Friday,Fall,Warner Bros.,Revenge,Comedy,35
Mars Needs Moms,2011,Friday,Fall,Disney,Rescue,Animation,150
The Rum Diary,2011,Friday,Fall,Independent,Discovery,Drama,45
Fast Five,2011,Friday,Fall,Universal,Escape,Action,125
Johnny English Reborn,2011,Friday,Fall,Relativity,Comedy,Comedy,45
Transformers: Dark of the Moon,2011,Friday,Fall,DreamWorks,Quest,Action,195
Just Go With It,2011,Friday,Fall,Happy Madison,Comedy,Romance,80
50/50,2011,Friday,Fall,Independent,Discovery,Comedy,8
Fright Night,2011,Friday,Fall,DreamWorks,Rivalry,Horror,30
Puss In Boots,2011,Friday,Fall,DreamWorks,Quest,Animation,130
Tower Heist,2011,Friday,Fall,Relativity,Revenge,Comedy,75
Bridesmaids,2011,Friday,Fall,Relativity,Rivalry,Comedy,32.5
Sherlock Holmes 2,2011,Friday,Fall,Warner Bros.,Pursuit,Action,125
The Company Men,2011,Wednesday,Fall,Weinstein Co.,Discovery,Drama,15
Spy Kids: All The Time in the World,2011,Friday,Fall,Weinstein Co.,Quest,Action,27
Apollo 18,2011,Friday,Fall,Weinstein Co.,Monster Force,Horror,5
X-Men: First Class,2011,Wednesday,Fall,Disney,Monster Force,Action,160
Sanctum,2011,Friday,Fall,Relativity,Quest,Action,30
Friends With Benefits,2011,Friday,Fall,Warner Bros.,Temptation,Romance,35
Monte Carlo,2011,Friday,Winter,20th Century Fox,Love,Romance,20
Rio,2011,Friday,Winter,20th Century Fox,Quest,Animation,90
The Three Musketeers,2011,Friday,Winter,Independent,Rivalry,Action,75
Killer Elite,2011,Friday,Winter,Independent,Rivalry,Action,70
Rango,2011,Friday,Winter,Paramount,Fish Out of Water,Animation,135
Battle: Los Angeles,2011,Friday,Winter,Relativity,Monster Force,Action,70
The Help,2011,Wednesday,Winter,DreamWorks,Maturation,Drama,25
My Week with Marilyn,2011,Friday,Winter,Weinstein Co.,Love,Drama,10
Hanna,2011,Friday,Winter,Universal,Quest,Action,30
